[{"follower":"mario ha seguito AlessandroU","followed":"altro_argomento"},{"follower":"mario ha seguito AlessandroU","followed":"altro_argomento"},{"follower":"mario ha seguito AlessandroU","followed":"altro_argomento"},{"follower":"mario ha seguito WalterM","followed":"altro_argomento"},{"follower":"mario ha seguito cane","followed":"altro_argomento"},{"follower":"mario ha seguito ALe","followed":"altro_argomento"},{"follower":"mario ha seguito Ale","followed":"altro_argomento"},{"follower":"Matteo ha seguito Alessandro","followed":"altro_argomento"},{"follower":"Alessandro ha seguito Matteo","followed":"altro_argomento"},{"follower":"CarloConti ha seguito Nino","followed":"altro_argomento"},{"follower":"Nino ha seguito Alessandro","followed":""},{"follower":"Nino ha seguito CarloConti","followed":""},{"follower":"CarloConti ha seguito Alessandro","followed":""},{"follower":"CarloConti ha seguito Nino","followed":""},{"follower":"CarloConti ha seguito Matteo","followed":""},{"follower":"Ake ha seguito Matteo","followed":"altro_argomento"},{"follower":"Domenico ha seguito Alessandro","followed":""},{"follower":"Ale ha seguito Domenico","followed":""}]