[{"hashtags":["#macchina"],"contenuto":"Alessandro: nuova #macchina acquistata"},{"hashtags":["#musica"],"contenuto":"Matteo: Esplorando nuova #musica\n"},{"hashtags":["#macchine"],"contenuto":"Manuel_99: nuove #macchine disponibili al concessionario "},{"hashtags":["#musica"],"contenuto":"Nino: questa #musica giovanile è troppo volgare!"},{"hashtags":["#gatti"],"contenuto":"Nino: amo i #gatti"},{"hashtags":["#gatti"],"contenuto":"Nino:  che vita sarebbe senza i #gatti\n "},{"hashtags":["#macchina"],"contenuto":"Manuel_99: nuova fiat panda disponibile. #macchina"},{"hashtags":[],"contenuto":"Domenico: nuova #macchina "}]